First Name,Last Name,Date of Birth,Credit card number,Passport number,Address line 1,Address line 2,City,Postcode,Mobile number,Social security number,Email address,Employee number,Ethereum address
Evan ,Zigomalas,03/20/1947,6.01E+15,2500296239 293 4076,877 Krystal Court,Suite 840,West Lacey,95573,513-589-2005x43941,388-67-8881,bellnicholas@example.com,8918246,0x6bcc1fb214d3b1931456fb43a2ce6b95c0500188
Eric,Raampy,03/17/1913,6.01E+15,3378081427 473 5783,095 Peterson Route,Suite 113,East Stephanie,71810,431-879-4536x582,558-08-3620,samuel64@example.org,21000512,0xc9cd27189512f0d642387479508a912a72e47dd0
Sara,Huffman,12/31/1995,4.30E+12,6628814609 902 2285,693 Nixon Bridge,Suite 591,Calderonchester,46471,729.446.6005x262,271-51-6865,christophercallahan@example.com,57964034,0xf11012870c94d53cf33b8d4f8299142d72d6a6dc
Charlotte,Bowman,11/13/1950,4.90E+15,7442021417 139 1975,7591 Jason Forges Apt. 858,Apt. 778,Vargasmouth,22789,281.117.9619x1329,520-68-7464,crystalvargas@example.org,64688429,0x416dd7dcceb6e5ab1a0b3fe609cc3e4f22b7047f
Aleshia, Tomkiewicz,11/10/1938,3.03E+13,9536733597 153 8507,2642 Baker Camp Apt. 665,Suite 235,West Kevinmouth,39902,(710)733-7858,256-45-6555,wilsongeorge@example.org,23060481,0x71b092aa5cfe20a2101e9b04a9440e2870087713
Juan,Horne,07/25/1998,3.53E+15,2112705494 166 9468,293 Yolanda Mills Apt. 958,Suite 934,South Carl,53792,-7721,083-38-6645,rcochran@example.com,91557736,0x196ceb964b2224ad53bcbc2c75445b954ce5167d
Phillip,Davis,07/14/2022,2.26E+15,1081372402 756 9248,458 Heather Common Suite 728,Apt. 199,Vargastown,99103,702.519.6495,780-54-2638,oreed@example.org,90738393,0xcf6909104d6cfc31c048f54e8777f3db4108b8f2
Jared,Cordova,05/20/1976,3.01E+13,1630003683 726 0174,722 Gerald Parks Apt. 015,Apt. 964,Tiffanymouth,48054,001-227-989-7078,577-47-5257,john18@example.org,84198499,0xb80ddbacfdbfa77cb7764c4315ae40e124e59cbe
Theodore,Myers,05/15/1981,4.30E+12,6980138086 725 5967,98706 Sarah Springs Apt. 344,Suite 333,Lake Vanessastad,15586,(396)204-9794,668-51-6640,jessicatucker@example.com,88977338,0x0930c7c88142dc1b32b15fc69521281439377790
Jennifer,Haynes,6/4/1989,3.54E+15,0510359223 459 1450,14381 Gregory Gardens Apt. 877,Suite 993,North Amyland,24354,639-248-3256,820-95-2517,james71@example.org,83703949,0x7df78fd9e44948556763ac029378120ac9a3bc6f
Paul,Wilson,09/29/1998,3.59E+15,3869128906 037 6860,4685 James View,Apt. 313,Deborahstad,75573,+1-606-533-7019x40923,749-66-4697,rebeccakeller@example.com,99660733,0xef8c87df193e48a6cc3d62cefad742f2a38c9def
Nancy,Higgins,08/17/1969,4.66E+18,3820966453 592 9890,4096 Cox Meadow Suite 857,Apt. 172,East Luiston,7446,(372)130-3211,744-16-9109,walkermegan@example.com,6461271,0xb063a6183a42c7d9af5ba7ff9ed03c7172ed6718
Patricia,Combs,01/28/2002,3.55E+15,5476150558 111 8226,5153 Martin Center,Suite 021,Port Juliahaven,55324,503.557.7855,791-92-5111,natasha34@example.com,46327504,0xa470a78ec68b6a1ded13cbaa2e139692ca1e1fc4
Erin,Smith,9/6/1940,3.54E+15,5168772062 009 3303,391 Rogers Via Apt. 680,Suite 902,Port Heatherborough,86217,(256)927-3244x6200,158-13-8422,yangcharlotte@example.com,86144482,0xa0bc3803b1c9113cfca320edc1e2c4379e5eb218
Andrea,Turner,11/23/1963,6.76E+11,9908859237 362 5914,967 Carter Dam,Suite 577,East Randy,50528,7041333044,044-26-2718,elizabethlee@example.com,207214,0x3488a0025429379ef06cab9e8c765d967593c001
Jay,Torres,1/12/1996,3.82E+13,2711543002 688 9980,5487 Mccarty Shoals,Suite 458,Port Kristin,34457,(928)789-0508x08482,729-61-1286,kelly11@example.net,16150030,0xfeb16045034b88544172c18d7a460770cc2aa2ee
Darrell,Horne,12/24/1936,5.16E+15,0107014524 434 7526,875 Kirby Corners Apt. 600,Apt. 422,Lake Brent,83495,+1-712-021-1748x72883,325-08-4677,harold67@example.net,33100952,0xf43ae456cd092040e00aea3017f7e88334b1713f
Amy,Williams,05/14/1944,1.80E+14,2319541949 762 0738,27410 Turner Underpass Apt. 061,Suite 096,Odonnellfurt,23590,542-578-4309x0363,552-59-7397,erin01@example.net,6791145,0xb653eb7bf56692c9a35efb19d04f6d30259fbc6f
George,Turner,12/15/1970,2.13E+14,6639806647 152 7946,611 Martinez Dale Suite 840,Apt. 858,Robinstad,39860,+1-848-223-1234x03661,536-46-9693,ualexander@example.com,99463729,0x1dd84332fb1d7f95e89993437652911a61da3e61
Tanner,Mitchell,03/27/1946,4.66E+12,5599668894 455 8804,3871 Michelle Forge,Apt. 383,Port Cindy,31379,648-506-9466x856,723-61-8189,mbailey@example.net,92079967,0x6967f88f60307b4e6a1f26998a1ef5ba39f3436c
Crystal,Williams,10/27/1993,4.33E+15,2070245532 360 7932,8581 James Walk Suite 081,Apt. 331,East Anna,18835,(172)778-0932,774-27-7087,tonyadams@example.net,34741314,0x1c8f30a7c97e352e40db5325a7d320028c2a8bd3
Elizabeth,Ortega,07/22/1937,3.57E+15,2065699226 741 1010,39010 Short Hills,Suite 954,South Mike,84322,285.339.8099,758-41-0659,wilsondavid@example.net,80379008,0xe7df6c9e80f5b653bf64d55861ad5364d86d3005
Stephanie,Noble,10/25/1981,2.13E+14,1150789587 535 6891,8263 Gregory Keys Suite 113,Apt. 629,West Julieville,37717,990-182-0541x0907,486-87-4759,shaunhaas@example.com,79294112,0x9869c69411696fffe17846c83f582459b67c2795
Kelly,Johnson,3/10/1943,5.66E+11,4428058140 480 4567,45721 Kim Garden,Suite 133,Johnsonville,44166,(633)479-1625x614,044-10-3332,jason71@example.org,21309912,0x1d19e8973749f0aa1dc8219cdd5e90274817c14a
Brenda,Clarke,10/19/1949,4.07E+15,0964791706 504 2386,34010 Rich Stravenue Suite 137,Suite 124,Port Jim,8453,656.129.1703x44528,617-75-9055,ifranklin@example.org,4309779,0x3bf585aa689f720a07da8f7b68eefd45cacde3a4
Diana,Roberts,08/15/1944,6.76E+11,0174369357 945 0980,7786 Steven Tunnel Apt. 548,Apt. 613,Gillville,41979,-6583,496-27-4609,proberson@example.com,45709633,0x691ef071d42a40318df21a6491c5df84bf3eabde
Olivia,Todd,04/18/1910,5.36E+15,2108304564 067 1390,73373 Alexandra Ports,Apt. 495,East Lawrence,72183,+1-454-960-8621x857,144-05-6929,jamesbonilla@example.net,36003851,0xec60d28332e0c92acb981954ddf132d201433ca9
Andrea,Frazier,03/25/1978,6.01E+15,1406832522 681 3959,497 Denise Loaf Apt. 573,Apt. 584,Johnmouth,3221,506-381-7894,780-14-4516,lopezrobert@example.com,63549262,0xc3a2b1a99f67cddd1516e3a0ee38539b75e9b2e4
Janet,King,03/20/1974,3.60E+15,4594658653 222 7768,31042 Green Hill Apt. 085,Suite 559,Michelleview,68579,915-951-8477x646,086-50-5883,xpetty@example.org,71872525,0xc7fdbe766f9f8a143c79f66e631a20c9b230a329
Danielle,White,09/13/1933,3.05E+13,8751516741 770 8151,95144 Crystal Mountains,Suite 594,North Patriciastad,9599,(002)376-8849,331-33-7440,qhunt@example.com,98764933,0x0b87f8b340f4290d29b5e909fe93aa5ae8173db0
Todd,Evans,08/14/1957,5.02E+11,2678331564 179 9448,29170 David Corners Suite 824,Apt. 072,Lake Eduardo,39492,001-974-475-7936x3057,503-86-1515,james80@example.net,95379197,0x9ac31bfdb4c11d9de7ad60f9dfacaea81d5f602f
Elizabeth,Roberts,08/24/1946,4.42E+12,7871408164 931 6103,11949 Richards Mount,Suite 926,West Andreachester,45263,(545)567-9640,301-02-7433,mckeesara@example.net,58188336,0x55e37b9804899eb5a485cb5637ff6741c8e3eeda
Emily,Huerta,11/10/1947,4.51E+12,2043942557 373 3472,42577 Travis Junctions,Suite 198,Port Williamfort,72541,+1-389-937-5856x7366,756-58-8374,carlajohnson@example.com,22295608,0x6ddc5c5a09c6bc35655ffca453f446f357a00b8e
Melissa,Navarro,09/20/2014,5.79E+11,5454395456 861 0092,10492 Andrew Coves Suite 127,Apt. 166,Port Victoria,9063,001-754-574-8713x336,636-61-5272,jeremiah80@example.net,41925763,0xb113f285967bf65ae6db226212b27fbab7c10bfd
Mark,Schroeder,07/24/1996,6.59E+15,2575762540 595 5093,30634 Caroline Forks Suite 492,Suite 904,Lake Robynton,40589,(041)721-9654x95140,508-39-2248,lauren72@example.net,77311323,0x0b57ffce7b0c683b46b4a1e9de2749034b6021e1
Kayla,Martin,09/26/1939,3.41E+14,6061797516 014 0783,7646 Tony Via,Apt. 809,North Andresmouth,71272,489-406-5970x33415,580-95-2620,abennett@example.com,9792014,0x51b6bee4c9f16beb540ca95a7ec0be31d4312a73
Ryan,Moore,8/3/1940,5.10E+15,0318126471 056 0262,03132 Lee Ridges Apt. 444,Apt. 095,Stephenstad,98445,637-574-3787x04635,330-18-1749,kevinrichardson@example.net,23658694,0x71d693d3b74670d0c7f4af5c628131a85f67b5d4
Sean,Schultz,12/9/1953,4.94E+15,1509548322 994 3800,97351 Gary Underpass,Suite 591,Kevinton,37388,(603)838-2346,107-15-3362,klinejeremiah@example.net,55751049,0x2ffc4d9afb8ba581ca044c823f4dfd9fbe1a9715
Andres,Dixon,12/29/1914,5.76E+11,3214413803 013 7283,873 Rebecca Extensions,Apt. 132,Rebeccahaven,64308,602-640-8094,488-45-9405,brookslaura@example.org,83555270,0xb56cd673490fcff0abf34c04cd1dcab2a8753242
Christian,Weeks,11/13/1984,5.65E+11,0288267313 536 4943,892 James Route Apt. 533,Apt. 000,East Eileen,58433,288-359-1416,640-94-8460,torresrebecca@example.org,34659850,0x6842bbe83b7470fea0a888f1802fada7389e7faf
Curtis,Harmon,08/26/1951,2.24E+15,9724230500 360 8274,37072 Garner Squares,Suite 440,Mariahshire,9131,4178103131,568-87-6002,howellrobert@example.net,36183494,0x974bf25e8dabd3d5917fd1524cfc56cb47b77cc2
Nathan,Taylor,10/19/1945,2.59E+15,1955476885 989 7085,5765 Joseph Mews Apt. 614,Apt. 195,Jamieburgh,94982,220-720-2724x93148,683-08-6965,zhart@example.org,16048876,0xee34b67f412efe455fc81356a6808a949065ca0a
Mason,Smith,08/31/2016,4.35E+15,6549756251 816 2699,5024 Gary Vista Suite 840,Suite 835,Port Christopherhaven,54545,014-265-0028,418-58-0209,gregorynoble@example.net,65209067,0x2547af7c075a019853f61a359ff057ea63fbd76e
Gregory,Morse,5/4/1957,3.56E+15,2380801500 231 6806,9287 Gutierrez View Suite 610,Suite 626,Port Douglasfort,55208,(798)508-3214,066-76-1668,anne06@example.org,80124503,0x5b7760883ed9cf03798ae8535ac15446fc3a5f89
Emily,Chapman,07/15/1983,5.25E+15,0173692592 217 1378,508 Henry Crescent Apt. 973,Apt. 571,Porterborough,30840,597.507.1709,306-91-8180,perryhorne@example.com,4267340,0xc10c9d743f941f5a3459cf7b4f6f2c4cfb17519e
Valerie,Williams,11/6/1940,3.48E+14,9178512261 999 1075,82683 Manuel Crest Suite 556,Apt. 152,Robertsonborough,23906,001-851-402-2117x38177,001-24-4384,griffithedward@example.net,35713354,0x03514924234634f5639c52f971a188d83702bb22
Phillip,Dunn,11/17/2008,4.48E+18,7089511225 818 9629,782 Anderson Greens,Suite 327,Jeanborough,12881,516.992.2974x90109,437-49-8019,rhicks@example.net,24553719,0x00cdd76f22ff9e677fe90cd2e20ea1fa85b70203
Jean,Barron,01/18/1928,3.52E+15,9107251375 481 7282,02331 Barbara Manor Apt. 853,Apt. 181,South Catherineburgh,83882,+1-795-796-8366x4235,655-70-7687,gutierrezlisa@example.net,48833469,0x0e8375c0ad8ec4c0cb85603ecae598febfb2b048
Sherry,Vasquez,07/19/1939,6.57E+15,6460062046 974 0232,1324 Hernandez Ramp,Suite 061,Port Gerald,30633,-9436,377-72-7581,gwendolynmarks@example.net,36878756,0x7d4f848e8dd2abe7f92fd59e7a30e2afda546881
Kenneth,Hernandez,12/27/1916,4.61E+15,9612926390 170 5282,94623 Perez Plaza,Suite 957,Nixonbury,93593,110180502,008-59-5761,rachelobrien@example.net,71912289,0x481c254a0bd7f9f6cd9c196079a9d8ccaa397508
Dave,Miller,09/15/1913,4.27E+15,3069120469 961 4281,9086 Neal Roads Suite 473,Apt. 046,New Sarah,71775,317.872.1684x676,213-15-3861,tony74@example.org,35937219,0x9fed8755eba3fea983dcf4e4f1da78611598a935
Melissa,Munoz,5/10/1937,4.50E+15,7751729927 612 4404,1898 Rodriguez Motorway Apt. 401,Apt. 603,Longstad,92624,001-837-781-8345x2621,118-22-7935,cody13@example.com,98431827,0x8115ce2cbf32321368dd5575042cc184611d8a40
Steven,Marsh,11/16/1958,3.55E+15,4360356605 493 0204,174 Jackson Light,Apt. 757,West Kaylafort,6144,780-614-7736,494-10-2551,kennethholloway@example.com,39888227,0x8b6ed9eab03cf6310587584e893e359507b3740f
Debra,Griffith,5/5/2007,4.14E+12,8453401577 728 0500,8594 Spencer Shore,Apt. 163,Guerramouth,71561,-11242,674-74-8739,cheryl76@example.com,10740279,0x5169d309ba8180a6d2b90060f84e17a2772235c0
Frank,Garner,10/20/1964,2.13E+14,8678842317 464 1000,50661 Fowler Via,Suite 430,Bentleyland,90087,+1-338-042-7236x0359,894-69-1690,thomasgreen@example.com,64383310,0x5b0cfc6a36d3d8e049554eb5b94c85bcd71051b7
George,Macdonald,12/20/1987,3.57E+15,1871920707 006 0223,1202 Emily Corner,Suite 346,Martinstad,66500,001-332-029-0819x99803,441-26-5480,matthew54@example.org,98547638,0x584e30f547fe41a25d34d03413b8a40c9bcca063
Robert,Hart,02/22/1952,3.78E+14,3048677683 069 7805,6388 Jennifer Forks,Suite 992,Amberhaven,20864,(017)511-7270x893,513-60-8521,devin22@example.org,75832498,0x42c6cca3eeaf28be3bd92bcfd84d031afb53e1ef
Joyce,Castillo,10/9/1924,2.13E+14,4151921944 685 1540,73422 Matthew Cliff Apt. 414,Suite 496,West Ryan,954,(512)663-7961,626-49-3614,johnward@example.com,49112435,0x32b43c11c53b36bf0e948c46f3b98b753d37a270
Steven,Taylor,1/8/1968,3.56E+15,4251602403 487 8601,06254 Crystal Tunnel,Suite 183,Sanchezshire,65479,-4246,800-39-5839,clarkjocelyn@example.com,4559776,0x9e8cb3868d87d32f7e6f97134c701348f9d86918
Heather,Hamilton,08/14/1967,6.76E+11,8813954468 443 8972,175 Walker Isle,Suite 774,Jeffreystad,79300,159-116-5292,219-62-8884,petersensean@example.com,10191406,0x179a7e8654efa100e7a8caa917d3accbe837f532
Michelle,Estes,03/21/1909,3.71E+14,1744130791 345 5280,13171 Chavez Hill,Apt. 934,North Bobby,54129,8931808218,228-43-0275,kimberly12@example.org,88259085,0xfbba8087fdbd70e40b695e21a732e4658b2799aa
Andrea,Hughes,05/15/1970,4.45E+15,5113410630 785 9699,5209 Randy Squares Apt. 939,Suite 341,Port Cameronberg,58116,540-391-6894x44225,487-09-4967,larryjordan@example.net,28789178,0x9be66a140559928bacb8e93a74dda3f31e050393
Patrick,Nicholson,11/2/1911,4.22E+18,7115837630 447 3852,9553 Walter Mountains,Suite 060,Port Jasonview,72184,191.736.5264x9486,636-55-9260,eric71@example.net,85354936,0x469f1ae6df3d291a4c183d4e1f088d7ab83b0140
Rachel,Jackson,11/18/2017,3.57E+15,9519579451 547 0751,4518 Samuel Loop Suite 901,Suite 115,Flowersside,8789,(446)153-3128x88732,282-37-7270,michelle64@example.net,18223801,0x6666292c0fdabba940d3323e2fc51683079a0361
Arthur,Hall,03/25/2002,6.53E+15,5688943098 057 5545,88219 Robles Point Apt. 940,Suite 506,East Mark,2279,(297)598-4905x0824,726-28-6725,mjackson@example.com,71925492,0x4f876c9e7c2ffecb46b3398a91545cf07a93c275
Jennifer,Taylor,10/7/1943,3.55E+15,9935795423 239 1521,2012 Wilson Flat Suite 571,Suite 760,Welchborough,44556,+1-939-920-5808x12603,171-07-2586,huntjonathan@example.org,37230818,0x03378643211122b9fa223575622b5e971fe7e5ca
Jessica,Abbott,3/1/1997,4.21E+18,4868538129 611 1262,116 Hudson Groves,Suite 977,Cynthialand,54691,598-240-9559,487-84-4556,kayla38@example.net,48782524,0xa1405442a9ab4fc21218fd8ebaca1dd20f5d82a4
John,Brown,8/9/1992,5.36E+15,1746955216 147 5901,421 Joshua Junctions,Suite 941,Waltersmouth,71786,001-104-260-4157x140,058-78-5970,lorigarcia@example.com,16404756,0xd9194a5105af2f0f8733491cb3ffcedde5ebe32b
Robert,Roman,02/22/1985,4.05E+15,1438975507 100 3302,77855 Lori Fall Apt. 403,Suite 403,New Stephenside,3481,785.400.0861,513-25-6388,gibsonjill@example.net,65399170,0xcc6b0e38dc9414dd8e7a802fe4c321794de09061
Holly,Leach,12/15/2005,3.55E+15,1576281339 994 4476,893 Jenna Isle,Apt. 511,Patriciachester,45457,455.212.9689x3988,043-63-1278,daniel43@example.com,93405981,0x4af02047740f83a899f04609b27badbf56f43e54
Jessica,Contreras,11/25/1986,4.46E+12,8346057911 764 4884,1265 Stokes Road Apt. 128,Suite 052,Leslieside,98871,104.013.1116x828,880-53-6044,joneshaley@example.org,78441872,0x073ef07fea1bb5d0d72ae72f263f4d4653fde9c6
Valerie,Allen,3/9/2003,6.01E+15,3974521058 074 6447,56159 Baker Mall,Apt. 265,Louisborough,60648,(942)474-8652,629-09-4233,ttaylor@example.org,93843798,0x0267be30015fa0f8f17ad5e0017d47fa918eb892
Kelly,Blair,02/23/1938,3.72E+14,3954060678 649 0037,5926 Bailey Mill Apt. 303,Apt. 430,West Crystalport,20301,+1-718-496-3386x8687,495-37-5990,james04@example.net,84540435,0xc07fe016f50494b228d2e93f94fb19f79a240baa
Sarah,Graham,2/4/1987,4.30E+15,9165429046 260 7312,866 Welch Views,Suite 136,Cooleyberg,51821,+1-486-108-3946x21625,493-76-2496,melissa95@example.net,39813663,0x9fb979f274ff9c47837db83a087443773295ff70
Sharon,Rush,05/31/1976,3.57E+15,8008870857 774 6508,32076 Louis Street,Apt. 192,Port Jenniferland,2099,947.987.6358x292,130-20-1625,williamjohnson@example.org,87781674,0xb4ab023e99b0e7cebdb0be3265cb20e55f3edc06
Thomas,Pineda,7/5/1916,2.13E+14,8203719264 719 0635,460 Trujillo Summit,Apt. 010,Christinaburgh,87726,-516,565-79-2443,gpowell@example.net,1583237,0x0185cc4c9afd69e9d0f6aa1d503bec0225ba079a
Douglas,Vasquez,08/26/1995,6.76E+11,6437918001 049 4685,482 Anthony Forks Apt. 755,Suite 424,South Kimberlymouth,15536,638-928-4556,761-56-2878,dphillips@example.org,31153481,0x24129eaad51699ee9dcc1c6348d7d0e6a35c1543
Christopher,Diaz,07/20/1934,4.74E+15,7063189128 349 5759,40905 Sanchez Ford,Apt. 034,Michaelside,37120,-1646,007-63-2406,jonathon91@example.net,72939190,0x9dda0ab6ac748e6c08f7c8ba2012f737b0275230
George,Mccarthy,07/21/1957,4.19E+12,2431587981 255 9158,8168 Tara Parks,Suite 225,Espinozaberg,39648,(889)016-3228,342-54-7056,creeves@example.org,64994725,0x82932b58b274cc56c7625dc884681bf591a456a5
Brandon,Simpson,02/22/1943,3.59E+15,2423134647 541 6474,0599 Phillip Parkway Apt. 477,Apt. 605,Port Darin,28548,(671)463-8553,114-23-9092,uburns@example.net,12818255,0xe8af795d019b7f2bf67a60c1a4e01993537e0e83
Renee,Morales,4/1/2007,3.52E+15,4491669684 602 7593,06988 Ryan Isle,Apt. 761,Austinland,63771,012.896.8840x830,358-26-3514,dmckee@example.net,18962669,0xf9f71585895c377082d058caf683cfa5491705f6
Christina,Rogers,04/18/2009,3.58E+15,4819014697 481 1297,5970 Hunt Cape,Apt. 720,Lake Whitney,26937,088.008.4141,836-71-7315,apittman@example.org,68176099,0x2ad4a1167a1aa7be06b0723729f75a2808c0b5f8
Joshua,Parker,2/8/2008,3.56E+15,1570900091 438 8678,151 Frederick Ports,Apt. 983,East Riley,6784,(327)002-1743x6728,631-52-6594,silvapatrick@example.org,18878198,0x7f802032439742cae3a3cecd24afad2ac96a119d
John,Williams,04/19/1956,6.76E+11,6154304844 456 4958,330 Christopher Dam,Suite 476,Joshuaview,80039,4807060830,882-93-1741,gcallahan@example.net,58841531,0x43fcef9952093d488f3010cd41c55df4243dcf92
Martin,Nicholson,09/28/2016,6.76E+11,8107110710 645 7833,074 Olson Hill,Suite 932,Morganchester,28432,940.965.8348,104-70-7499,davidmcgee@example.net,55756032,0x591a690f420502d9052c37d633b2dc495218e7a2
Karen,Smith,11/16/1973,4.37E+12,2318176056 515 7204,818 Amy Tunnel,Suite 262,North Sherry,30011,9994553819,075-12-1493,sheacarolyn@example.net,84647328,0xc8829326b88e0ed8426a766366f118b8fcd8f096
Anne,Combs,11/26/1914,4.69E+12,3133126764 006 9027,415 Jennifer Stream,Apt. 828,Paulberg,97263,3928152226,052-10-5421,heather52@example.com,96861097,0xfe150db0bc3e23676418778c7766784e98351afc
Joel,Rodriguez,11/9/2007,3.51E+15,3205451264 721 3772,886 Smith Way,Suite 215,North Kelsey,84692,707.649.4051,750-10-0091,deankayla@example.com,99827254,0x68a57191bb17e1ca12c93ebdb0f237cb189b3565
Jessica,Anderson,02/25/1911,3.54E+15,2642049363 134 5227,91638 Douglas Passage,Suite 332,Port Stevenborough,24127,(922)798-1965,069-68-2861,richardwest@example.net,27258510,0x8acc9fa9ce5263d310e6fc27a6d108eb4d3b43ca
Benjamin,Macias,2/10/1995,3.83E+13,5615281450 107 8960,072 Sherry Lake,Apt. 947,Johnsonview,50128,127.038.0563x582,301-03-4397,claudia82@example.org,47836245,0x6effb3f1e1ff402ae743c2198dac3ad1cdf60a47
Brenda,Rodriguez,11/13/1958,3.40E+14,1917728276 331 7547,3089 Jimenez Oval,Suite 685,West Vincentchester,40750,407-576-6487x67687,076-89-1788,hahnjames@example.org,35944230,0x08c77faab00c1ceb99de37521d3948b1cfd8c198
Anthony,Wright,07/15/1973,4.12E+18,1188335481 874 5693,3189 Cruz Burgs,Suite 354,Port Courtneytown,58814,3729640122,800-62-2284,rodriguezkenneth@example.com,20105708,0x991e4ffdcc4dd293c49f7bf058b56e4a5d9945ea
Emily,Thompson,03/29/1970,4.70E+15,8187057992 731 0995,422 Donald Terrace Suite 952,Suite 329,East Duaneberg,58695,(979)435-4232x786,089-46-3012,lwilliams@example.org,10412019,0x9a9b55d7bce725ed998d3aa3a4cbeed9ec470387
Justin,James,07/29/1966,4.04E+15,6376433929 701 4377,3008 Combs Square,Suite 677,Shawnview,95371,059.952.7709x8334,757-71-8401,erikakennedy@example.net,87075676,0x47392680c47eea03e2ebd0bdab9a011fd037c5a2
Caroline,Quinn,11/20/1949,5.64E+11,2215107096 883 0455,2609 Keith Extensions Apt. 867,Apt. 953,Jessicaport,48852,165-987-6672x87567,352-47-1078,jerry87@example.net,29337807,0x100ec9913b5e0851bbbc6a986c44c9dd818615df
Peter,Henderson,1/7/1930,4.06E+12,2142511956 163 3030,1497 Gregory Roads,Suite 543,Mccoytown,70744,152-965-2493x12856,701-13-1715,oanderson@example.com,36680520,0xf94c6b70bd3128a4d49b444596326ce9442a8637
Andrew,Bowman,3/11/1963,6.01E+15,7092850539 233 9308,81947 Madeline Summit,Suite 799,Lisamouth,10352,(661)417-2590,743-66-6490,victoranderson@example.com,49784061,0x0755e9d0c7df8589e717ce084a0a41d7dd53ab3b
Gregory,Stephens,09/22/2016,6.01E+15,6139818489 062 8102,962 Turner Village Apt. 234,Suite 876,Port Taylorview,76040,908-011-0292,726-30-7942,veronica83@example.net,35458576,0xaed54673c547a4791a3bcc78ee20414bb7b65e89
Audrey,Fleming,05/17/1974,5.02E+11,9579533830 108 1709,40818 Charlotte Grove Suite 500,Apt. 964,Chambersburgh,71323,(296)720-0721,873-55-1455,dwilliams@example.net,72529428,0x1736382073da5ba1801290b49c93e62543f3930a
Shelby,Green,06/27/1934,5.29E+15,0959606047 007 7421,42035 Harrison Alley,Suite 244,West Leslie,22986,(995)490-8361,003-19-9610,bobby60@example.org,33167173,0xcb34b5605e9e8ba28c25e75982f0ddab68982416